{
  "ben_artik_premiumum_YUE9a8STbudHSLEXNvYbLOeDd": "1026851178115514469",
  "keys": [
    {
      "code": "NT0dStdvetjlA2F0x3fCWmCgY"
    }
  ],
  "ben_artik_premiumum_v": "1017157244141449306",
  "ben_artik_premiumum_e": "1017157244141449306",
  "ben_artik_premiumum_31": "1026851178115514469",
  "ben_artik_premiumum_y": "1017157244141449306",
  "ben_artik_premiumum_ewq": "1042862182209163294",
  "ben_artik_premiumum_1045760807767658596": "1042862182209163294",
  "ben_artik_premiumum_allahını": "792392287434833921"
}